,smarts,count,group
0,"[!#1]=[!#1!$([#16](=O)=O),!#1+1]=[!#1,!#1-1]",1.0,simplified
1,"[#6v3+0,#6v2+0,#6v5+0,#8v3]",1.0,simplified
2,"[#1,#9,#17,#35,#53][!#1]!@=[!#1!#6!$([#8]=!@[#6][#1])]",1.0,simplified
3,"[H][#6](@-[#8,#7])@-[#8,#7]@-[#6](@-[#8,#7])-[!#8]",1.0,simplified
4,"[#16]~[#1,#9,#17,#35,#53]",1.0,simplified
5,[n!$([nX2r5]:[oX2r5])]:[o],1.0,simplified
6,"[#8,#7]~1~[#8,#7]~[!#1]~[!#1]~[!#1]~[#8,#7]~1",1.0,simplified
7,"[#7]~[F,Cl,Br,I]",1.0,simplified
8,[!#1]@#[!#1],1.0,simplified
9,[!#1]~2~1~[!#1]~[!#1](~[!#1]~[!#1]~[!#1]~[!#1]~1)~[!#1]~[!#1]~[!#1]~2,1.0,simplified
10,[#8]~[#8],1.0,simplified
11,[!#1]=[!#1]-[#6](-[!#1]=[!#1])!@=[#6],1.0,simplified
12,"[!#1]-,:1-,:[!#1]=,:[!#1]-,:[!#1]=,:[!#1]-,:[!#1]:2:[!#1]-,:1:[!#1]:[!#1]:[!#1]:[!#1]:2",1.0,simplified
13,[H][!#1]@[#7]@=[#6](!@[#7])@-C([H])([H])@-[!#1][H],1.0,simplified
14,[#7]!@-[#7]!@-[!#1]=O,1.0,simplified
15,[#8]!@[#7X2]!@[!#1],1.0,simplified
16,"[#16]~[!#1](!@=[#16,#7,#8])~[!#6!#1]",1.0,simplified
17,"[!#1!#6]:[#6]-[F,Cl,Br,I]",1.0,simplified
18,[#16](=[!#6!#1])-[#8],1.0,simplified
19,"[#8]=!@[#7!$([#7](-!@[#6])(=!@O)-!@[OH,O-1])]",1.0,simplified
20,[#8]~1~[!#1]~[!#1]~[!#1]~[!#1]=[#7]~1,1.0,simplified
21,"[#8]!@-[!#1]~1~[#6,#8,#16]~[#6,#8,#16]~[#6,#8,#16]~[#8,#16]~1",1.0,simplified
22,"[#6]-,:1-,:[#6]-,:[#6]-,:[#8]-,:[#7]-,:[#6]-1",1.0,simplified
23,"[H][#6]!@[#7]-1-[#6]([H])C([H])([H])[#8,#7]-[#6]([H])-[#7]-1[H]",1.0,simplified
24,[#6+]~[!#1],1.0,simplified
25,"[H][#6]([H])-[#7]-1-[#6]-[#6]-[#7,#8]-[#6]([H])-[#7]-1[H]",1.0,simplified
26,[H][#7]@-[#7]@-[#8],1.0,simplified
27,[!#1]~1~[!#1!#6]~[!#1!#6]~[!#1]~[!#1!#6]~[!#1!#6]~1,1.0,simplified
28,"[#7]=,=@,:S",1.0,simplified
29,[!#1]~[#16X2]@-[!#1]([H])@-[#8],1.0,simplified
30,[!#1]~[!#1]([H])~[#7]([H])@[#7]@=[#6](~[!#1])!@-[#7][H],1.0,simplified
31,[!#1]@[#16X2]@[#6]([H])@[#7](@[!#1][H])!@-[!#1]([H])[H],1.0,simplified
32,"[H][#8]-[#6]-[F,Cl,Br,I]",1.0,simplified
33,[#8]=[!#1]-[#8]-[!#1]=[#8],1.0,simplified
34,[!#1](@[!#1]~[#8])(@~[!#16](~[#8])~[#8])~[!#6!#1],1.0,simplified
35,[H][!#1]~1=[#7]-[#8]~[!#1]~[!#1]~[!#1]~1,1.0,simplified
36,"[#7]@[#6](~[!#8])@[#16X2]@[!#1]([H])@-[#8,#7,#16]",1.0,simplified
37,[#16]~[#16],1.0,simplified
38,[!#1]!@-[!#1!#6]!@-[#8]!@-[!#1](!@-[!#1])!@=[!#1!#6],1.0,simplified
39,[!#1]1[!#1]2[!#1][!#1]1[!#1][!#1][!#1][!#1]2,1.0,simplified
40,[!#1]~C(~[!#1])(!@-C([H])([H])[H])~C(~[!#1])(!@-C([H])([H])[H])!@-C([H])([H])[H],1.0,simplified
41,[#7]@[#7](@[#8])@[!#1],1.0,simplified
42,[#8]@1@[!#1]-[!#1]-[!#1]-[!#1]=[#7]@1,1.0,simplified
43,[H][#6]@-[#7]([H])@-[#7]([H])@-[#6]@=[#7],1.0,simplified
44,[H][#7]1C(C(C([#7]1[!#1])([H])[H])([H])[H])([H])[H],1.0,simplified
45,[#8]-[!#1](-[#8])=[!#6!#1],1.0,simplified
46,[#16]!@-[#6]1=[#7]-[!#1]-[!#1][!#1!#6]1,1.0,simplified
47,"[#8,#16X2]1[!#1]=,:[!#1][#8,#16X2][!#1]=,:[!#1]1",1.0,simplified
48,[H][#7]~1~[#7]~[!#1]~[!#1](-[!#8])~[#7]~1[H],1.0,simplified
49,"[#8H1,#8-1][!#1]=[#8]",2.0,simplified
50,[#7]~[#7]~[#6](~[#8])=O,1.0,simplified
51,"[H][#6]1-,:[#7,#8]-,:[#6]-,:[#6][#7]([#7]1[H])[H]",1.0,simplified
52,[#8]!@-[#6]-1=[#7]-[!#1]-[!#1]-[!#1]-1,1.0,simplified
53,"[#7]:1:[!#1]:[!#1]:[#7](:[!#1]:1)-!@[#6,#7](=!@[!#6!#1])-!@[!#6!#1]",1.0,simplified
54,[!#1]@[!#1]~1(~[!#1](~[!#1]~1(@[!#1])@[!#1])(@[!#1])@[!#1])@[!#1],1.0,simplified
55,[#8]!@-[#6]!@=[#7],1.0,simplified
56,"[F,Cl,Br,I]-[#6]-[#8]-[!#1]=O",1.0,simplified
57,[H][!#1]-1-[!#1]=[#7]-[#7]=[!#1]-[!#1]-1[H],1.0,simplified
58,"[#7]!@-*(=O)!@-C(!@-*)([F,Cl,Br,I])[F,Cl,Br,I]",1.0,simplified
59,[#7-],1.0,simplified
60,[#6]-[#7+](-[#8-])=[#6],1.0,simplified
61,[H][!#1]-1@-[#8]@-[#7]@=[!#1]-[!#1]-1,1.0,simplified
62,[#8]!@-[#6]-1=[#7]-[!#1]-[!#1]-[!#1]-[!#1]-1,1.0,simplified
63,[!#1]@[#6]:1:[#6](:[#6](:[#8]:[#6]:1[#1])[#1])@[!#1],1.0,simplified
64,"[F,Cl,Br,I]!@-[#6]!@=[#7]",1.0,simplified
65,[#16X2]~1~[!#1!#6]~[!#1]~[!#1]~[!#1]~[!#1!#6]~1,1.0,simplified
66,"[!#1!#6]@[#16,#8]@[!#1](@[!#1!#6])!@=[!#1!#6]",1.0,simplified
67,[#16X2]@1@[!#1]@[!#1]@[!#1]@[!#1!#6]@[!#1!#6]@1,1.0,simplified
68,[!#1]~[#7+](:[!#1]):[!#1],1.0,simplified
69,[#6]1([#7][!#1][!#1][#7]=1)!@-[#16],1.0,simplified
70,[H][!#1]~1~[!#1]~[!#1]~[#8]-[#6](!@-[#7])=[#7]~1,1.0,simplified
71,[H][#6]-1-[#6](!@=[!#1!#6])-[#6]~[#6]-[#6]-1!@=[!#1!#6],1.0,simplified
72,[!#1!#6]=[#6]-1[!#1!#6][!#1](=[!#1!#6])-[!#1]=[!#1]-1,1.0,simplified
73,[!#1]:1:[!#1]:[#6]2:[#6](:[!#1]:[!#1]:1)[#6][#6]:3:[#6]2:[!#1]:[!#1]:[!#1]:[!#1]:3,1.0,simplified
74,"[#8,#16]1[!#1]:3:[!#1]([!#1][!#1]:2:[!#1]:[!#1]:[!#1]:[!#1]:[!#1]:21):[!#1]:[!#1]:[!#1]:[!#1]:3",1.0,simplified
75,[H][#7]([H])!@-[!#1]=S,1.0,simplified
76,"[!#1]@[!#1]([H])@[#7]([H])@[!#1](!@=[!#1!#6])@[#8,#16]@[!#1][H]",1.0,simplified
77,[!#1]@[#6](@[!#1])@[#6]@1@[#6](@[!#1])@[!#1]@[#6](@[!#1])@[#6](@[!#1])~[#6]@1@[!#1],1.0,simplified
78,[#8]@[#16]@[#8],1.0,simplified
79,[!#1](~[!#1](~[#8])~[#8])(~[#8])~[#8],1.0,simplified
80,[!#1]@-[!#1]-1-[!#1]-[!#1]-[!#1]~2-[!#1]-[!#1]-[!#1]-[!#1]-[!#1]~2-[!#1]-1@-[!#1],1.0,simplified
81,[H]C([H])([H])!@-[#6](~[!#1!#6]~[#6](!@-C([H])([H])[H])!@-C([H])([H])[H])!@-C([H])([H])[H],1.0,simplified
82,"[H][#6]([H])-[#7]-1-[#6]-[#6]-[#7,#8]-[#6]([H])-[#7]-1-[#6]([H])[H]",1.0,simplified
83,"[F,Cl,Br,I]-[!#1]~[!#1](-[F,Cl,Br,I])~[!#1]-[F,Cl,Br,I]",1.0,simplified
84,[!#1]@[!#1]~1~[!#1](~[!#1](~[!#1](~[!#1](~[!#1]~1@[!#1])@[!#1])@[!#1])@[!#1])@[!#1],1.0,simplified
85,"[H][#6]([H])~[#7]-1-[#6]([H])-[#7,#8]-[#6]-[#6]-[#7]-1[H]",1.0,simplified
86,O=S(=O)!@-[!#1]:[!#1]:[!#1]!@-S(=O)=O,1.0,simplified
87,[!#1]~1~[#16]~[!#1]~[!#1]~[#16]~[!#1]~1,1.0,simplified
88,[#8]!@-[#6](=O)!@-[!#1]!@-[#6](!@-[#8])=O,1.0,simplified
89,O=[#6]1[#6]:2:[#6]([#6]([#6]1)=O):[!#1]:[!#1]:[!#1]:[!#1]:2,1.0,simplified
90,"[H][#6]~[#7]1[#7]([#6](C([#8,#7][#6]1[H])([H])[H])[H])!@[#6][H]",1.0,simplified
91,"[O,SX2]1CCC1([O,SX2])C",1.0,simplified
92,O1[#6]~[#6]C2C1[#6]~[#6]O2,1.0,simplified
93,[!#1!#6]@[!#1!#6]@[!#1]!@=S,1.0,simplified
94,[!#1!#6][!#1!#6][!#1]([!#1!#6])!@=[#7],1.0,simplified
95,[#8]=[#16]-[!#1]-[#16]=[#8],1.0,simplified
96,[!#1!#6]!@=[!#1]-1-[!#1]-[!#1](!@=[!#1!#6])-[!#1]-[!#1](!@=[!#1!#6])-[!#1]-1,1.0,simplified
97,[!#1!#6]!@=[!#1]-1-[#6]~[#6]~[#6]-[!#1](!@=[!#1!#6])-[#6]-1,1.0,simplified
98,[#16]@[!#1!#6]@[#16],1.0,simplified
99,[!#7]~[#6](!@=[!#1!#6])@-C([H])([H])@-[#6](~[!#7])!@=[!#1!#6],1.0,simplified
100,"[#8,#16]@-[#6](@-[!#1])!@=S",1.0,simplified
101,"[#7]-1-[#16]-[!#1]-[#8,#16]-[!#1]-[!#1]-1",1.0,simplified
102,[H][#6]-1-[#8]C([!#1])([!#1])[!#1]([H])-[#7]-1[H],1.0,simplified
103,"[H][#6]!@[#7]-1-[#6]([H])-[#8,#7]C([H])([H])[#6]([H])-[#7]-1[H]",1.0,simplified
104,[#16]~[#6]~1~[!#1]~[#6](~[#16])~[!#1!#6]~[!#1!#6]~1,1.0,simplified
105,[#7]!@[!#1](~[!#1]!@=[!#1!#6])=[#7]@[#6]([H])[H],1.0,simplified
106,"[!#1][#7+]#[!#1,!#1-]",1.0,simplified
107,[H][#6]([H])~[#7]1-[#7]~[!#1]-[#7]([H])C1([H])[H],1.0,simplified
108,[#16](@[!#1]@[!#1]@[#16](=O)=O)(=O)=O,1.0,simplified
109,"[#8-,#8]-[#7+,#7]=[#7]",1.0,simplified
110,[#7]@[!#1](@[#8])@[#7]@[#16],1.0,simplified
111,[H][#6]([H])C([H])([#7]-[#6]=O)[#6](=O)-[#7]-[#8],1.0,simplified
112,[H][#6](-[#6])!@=[#6]([H])[#6]([H])!@=[#6]([H])-[#6]([H])!@=[#6],1.0,simplified
113,"[F,Cl,Br,I]-[#6](-[F,Cl,Br,I])-[#6](-[F,Cl,Br,I])-[F,Cl,Br,I]",1.0,simplified
114,"[!#1]@[!#1]~1~[!#1]([#6](-,=[#6]2[!#1](~[!#1]~1)=[!#1][!#1]([H])[!#1]2[H])[H])@[!#1]",1.0,simplified
115,[#6]1[#8][#6]:2:[#6]([#8][#6]1):[#6]:[#6]:[#6]:[#6]:2,2.0,simplified
116,"[#8-,#8]-[#7+,#7](=[#8])-[#6]!@=[!#1]",1.0,simplified
117,[H][!#1]@-[#7]1-[!#1]-[!#1]-[#16][#6]-1=[#7]@[!#1],1.0,simplified
118,[#7+]~[#7-],1.0,simplified
119,[!#1!#6]!@=[!#1]!@-[#6]-1=[!#1]-[!#1]-[!#1]=[#6](-[!#1]-1)!@-[!#1]!@=[!#1!#6],1.0,simplified
120,[!#1]~1~[!#1]~4~[!#1](~[!#1]~2~[!#1]~[!#1]~[!#1]~[!#1]~[!#1]~2~1)~[!#1]~[!#1]~3~[!#1](~[!#1]~[!#1]~[!#1]~[!#1]~3)~[!#1]~4,1.0,simplified
121,[!#1]~1~[!#1]~[!#1]~2~[!#1]~[!#1]~[!#1]~3~[!#1!#6]~[!#1!#6]~[!#1!#6]~[!#1]~3~[!#1]~2~[!#1]~1,1.0,simplified
122,[H][#6]1[#7]([#7]=[#6]([#7]([#6]1[H])[H])!@-*)[H],1.0,simplified
123,[#16]!@=[!#1]~1~[!#1]~[!#1]~[!#1!#6]~[!#1!#6]~1,1.0,simplified
124,[H][#6]([H])[#7]1[#6]([#16X2][#6]~[#6][#7]1[H])[H],1.0,simplified
125,[#16]!@[#6]~1~[#7]~[!#1]~[!#1]~[#6](!@[#16])~[#7]~1,1.0,simplified
126,[#7+](=[#6])(-[#6])!@-[#6],1.0,simplified
127,[#16]@[#8]@[!#1]!@=O,1.0,simplified
128,[!#1]:[!#1]!@[!#1]~1~[!#1]~[!#1](~[!#1]~[!#1](~[!#1]~1)!@[!#1]:[!#1])!@[!#1]:[!#1],1.0,simplified
129,[H][#6]-1-[#7]=[#6](!@-[!#1])-[#7]([H])-[#7]([H])-[#6]([H])-1,1.0,simplified
130,[!#1!#6]!@=[!#1]~1~[#7]~[!#1]~2~[!#1!#6]~[!#1]~[!#1]~[!#1!#6]~[!#1]~2~[#7]~1,1.0,simplified
131,"[H][!#1]@-,-[#7]-,:1-,:[#6](-,:[#16][!#1][!#1][!#1]-,:1)=,:[#7]@[!#1]",1.0,simplified
132,[H][#6]([H])[#7]1[#7]([#6]([#16X2][#6][#6]1)[H])[H],1.0,simplified
133,"S!@=[!#1]~1~[#8,#16]~[!#1]~[!#1]~[!#1]~1",1.0,simplified
134,"[#8][#6](=O)[#6](=,:[!#1])-,:[#6](=,:[!#1])[#6]([#8])=O",1.0,simplified
135,[#16]@-[!#1]!@=S,1.0,simplified
136,[H][#6]1[#7]([#7]([#6][#6][#16X2]1)[H])[H],1.0,simplified
137,O=S(=O)~S(=O)=O,1.0,simplified
138,[#16]~[#6](~[#16])!@=[#6],1.0,simplified
139,"[#6]1([#16][!#1]=,:[!#1][!#6!#1]1)!@=[#7]",1.0,simplified
140,"[#16]!@-[#6]~1~[!#1!#6]~[!#1](~[#8,#16]~[!#1]~1)=,:[!#1!#6]",1.0,simplified
141,"[!#1]!@=[!#1]~1~[!#1](~[!#1!#6]~[!#1](~[!#1!#6]~1)=,:[!#1!#6])=,:[!#1!#6]",1.0,simplified
142,[!#1]=[!#1]~1~[!#1]~3~[!#1](~[!#1]~[!#1]~1)~[!#1]~2~[!#1]~[!#1]~3~[!#1]~[!#1]~2,1.0,simplified
143,[!#1]!@[#16X2]!@[!#1]:[!#1]-[#7+](-[#8-])=O,1.0,simplified
144,[H][#7]([H])~[!#1]~[!#1]~[#7+](-[#8-])=O,1.0,simplified
145,[#16]-1-[!#1]-[!#1]-[#7]-2-[!#1]-[!#1]-[#7]=[#6]-1-2,1.0,simplified
146,"[!#1]-[#7+,#7]([H])=[!#1]",1.0,simplified
147,[#6]-[n+](:[!#1]):[!#1],1.0,simplified
148,[H][#6]([H])-[#7]-1-[#6]-[#6]-[#16X2]-[#6]([H])-[#7]-1-[#6]([H])[H],1.0,simplified
149,"[#6]!@=[#6]~1~[!#1](~[!#1!#6]~[!#1](~[!#1!#6]~1)=[!#1!#6])=,:[!#1!#6]",1.0,simplified
150,[H][#6]-1-[#7]=[#6](!@-[!#1])-[#7]([H])-[#6]([H])-[#7]-1[H],1.0,simplified
151,[#7][#6](-[#16])=[#7][#16]=O,1.0,simplified
152,O=S(=O)@[!#1]@S(=O)=O,1.0,simplified
153,"[#7]~C(~[#8])(~[#8])~[!#1]~[F,Cl,Br,I]",1.0,simplified
154,[!#1]~1~[!#1]~[!#1!#6]~C~2(~[!#1!#6]~1)~[!#1!#6]~[!#1]~[!#1!#6]~[!#1!#6]~2,1.0,simplified
155,[!#1]#[#6]-[#6]#[#6]-[#6]#[!#1],1.0,simplified
156,"[#16+,#16-]",1.0,simplified
157,[!#1]~1~[!#1]~[!#1]~[!#1!#6]~2~[!#1]~[!#1]~3~[!#1]~[!#1]~[!#1]~[!#1]~[!#1!#6]~3~[!#1]~[!#1]~2~[!#1]~1,1.0,simplified
158,[#8-]-[#7+]=[#8],1.0,simplified
159,[!#1!#6]~[!#1]~1~[!#1!#6]~[!#1!#6]~[!#1]~2~[!#1]~3~[!#1]~[!#1]~[!#1]~[!#1]~[!#1]~3~[!#1!#6]~[!#1]~[!#1!#6]~[!#1]~2~[!#1!#6]~1,1.0,simplified
160,[!#1!#6]=[!#1]~1~[!#1!#6]~[!#1]~3~[!#1](~[!#1]~2~[!#1]~1~[!#1!#6]~[!#1!#6]~[!#1!#6]~2)~[!#1](~[!#1!#6]~[!#1]~[!#1!#6]~3)=[!#1!#6],1.0,simplified
161,[!#1]@[#7]~1~[!#1]~[!#1!#6]~[#8]~[#7]~1@[!#1!#6],1.0,simplified
162,[!#1]~2~[!#1]~[!#1]~[!#1]~1~[!#1]~3~[!#1](~[!#1]~[!#1]~[!#1]~1)~[!#1]~[!#1]~[!#1](~[!#1]~[!#1]~[!#1]~2)~[!#1]~3,1.0,simplified
163,"[N,O]C(-!@[N,O])(-@[!#1])-@[!#1]",1.0,simplified
164,[!#1!#6]=[!#1]~4~[!#1!#6]~[!#1](=[!#1!#6])~[!#1]~1~[!#1]~4~[!#1]~2~[!#1]~[!#1]~[!#1]~1~[!#1]~3~[!#1]~2~[!#1]~3,1.0,simplified
165,[#6](~[#16v2X2])~[#8],1.0,simplified
166,[#8R1X2]@[#6R2]@[#8R1X2],1.0,simplified
167,[#16R1X2]@[#6R2]@[#16R1X2],1.0,simplified
168,"[#8,#7,#16]:1:[#6R1]:[#6](:[#6](:[#6R1]:1)@[!#1])@[!#1]",1.0,simplified
169,"[$([#6]-@1(-@[!#1]=[!#1][!#1]=[!#1][!#1]-@1)(-@[!#1])-!@[!#1]),$([#6]-@1(-@[!#1][!#1]=[!#1][!#1]=[!#1]-@1)(-@[!#1])-!@[!#1])]",1.0,simplified
170,[!#1]~2~1~[!#1]~[!#1]~[!#1](~[!#1]~[!#1]~[!#1]~1)~[!#1]~[!#1]~2,1.0,simplified
171,"[!#1!#6!$([#7,#8,#16]:1:[#7]:[#6]:[#6]:[#7]:1)]~1~[!#1!#6!$([#7,#8,#16]:1:[#6]:[#6]:[#7]:[#7]:1)]~[#6]~[#6]~[!#1!#6!$([#7,#8,#16]:1:[#6]:[#6]:[#7]:[#7]:1)]~1",1.0,simplified
172,"[#8]-[F,Cl,Br,I]",1.0,simplified
173,"[$(N([#6X4,#1])([#6X4,#1])[#6X4,#1])]",3.0,simplified
174,[#8]=[!#1][!#1](=[#8])[!#1]=[#8],1.0,simplified
175,"[#6]=!@[#6]-!@[#7,#8,#16!v6]",1.0,simplified
176,[#7]~1~[#7]~[!#1]~[!#1]~[!#1]~[!#1]~[!#1]~1,1.0,simplified
177,[!#1]~2~1~[!#1]~[!#1]~[!#1](~[!#1]~1)~[!#1]~[!#1]~[!#1]~[!#1]~2,1.0,simplified
178,"[H][!#1]~1~[#7,#8]~[#6]([H])=[#7]~[!#1]~[!#1]~[!#1]~1",1.0,simplified
179,[#7]~1~[#7]~[!#1]~[!#1!#6]~[!#1]~[!#1]~[!#1]~1,1.0,simplified
180,[H][!#1]-1-[!#1]=[!#1]([H])[!#1!#6][!#1]([H])=[!#1]-[!#1]-1[H],1.0,simplified
181,"[#7,#8]~1~[!#1!#6]~[!#1]~[!#1]~[!#1]~[!#1]~[!#1!#6]~1",1.0,simplified
182,"[!#1]~1~[!#1]~[!#1]~[!#1]@=,:[#7]@-,:[#8]~[!#1]~1",1.0,simplified
183,[!#1]@[!#1]@~1@-[!#1](@-[!#1](@-[!#1](@~[!#1]@~[!#1]@~[!#1]@~1)@~[!#1])@~[!#1])@~[!#1],1.0,simplified
184,[H][#6]-1~[!#1]~[!#1]~[#6]([H])-[#7]([H])C([H])([H])[#8]-1,1.0,simplified
185,[H][#6]-1[!#1!#6][!#1]=[!#1]([H])[!#1!#6][!#1]([H])=[!#1]-1,1.0,simplified
186,[H][!#1]1-[!#1]-[!#1]=[#7]-[!#1]=[!#1]([H])[!#1!#6]1,1.0,simplified
187,[#7]!@-[#6]~1=[#7]~[!#1]~[!#1]~[!#1]~[!#1]~[#8]~1,1.0,simplified
188,[H][#6]-1=[#7]-[#6]=[#6]-[#6]=[#6]-[#7]-1,1.0,simplified
189,"[H][#6]-1-[#8,#7]-[#6]([H])-[#8,#7]-[#6]([H])-[#6]([H])-[#8,#7]-1",1.0,simplified
190,[H][#6]-1[!#1!#6][!#1]([H])=[!#1]-[!#1]=[!#1!#6][#6]-1[H],1.0,simplified
191,[H][#6]~1~[#16X2]~[!#1]~[!#1]~[!#1]~[!#1]~[#7]~1[H],1.0,simplified
192,"[H][#6]=,:1-,:[!#1](-,:[#6](=,:[!#1]~[!#1]~[!#1]~[!#1]=,:1)[H])=O",1.0,simplified
193,[H][#6]-1[!#1!#6][!#1]=[!#1]-[#6]([H])-[!#1]=[#7]-1,1.0,simplified
194,[H]C1([H])[!#1]-[!#1]-[!#1]-[!#1]C([H])([H])[#6]1!@=O,1.0,simplified
195,[H][#6]:1:[!#1](:[#6](:[!#1]:[!#1]:[!#1]:[!#1]:1)[#1])=O,1.0,simplified
196,[H][#6]~1=[#7]~[!#1]~[!#1]~[!#1]~[!#1]~[#16X2]~1,1.0,simplified
197,[#16X2]@1@[!#1!#6]@[!#1]@[!#1]@[!#1]@[!#1]@[!#1!#6]@1,1.0,simplified
198,[#6]1[#6][#8][#6]([#6][#6][#6]1)=O,1.0,simplified
199,[!#1]1[!#1!#6][#6]=[!#1!#6][#6]=[!#1!#6][!#1!#6]1,1.0,simplified
200,[#8]!@-[#6]-1=[#7]-[!#1]-[!#1]-[!#1]-[!#1]-[!#1]-1,1.0,simplified
201,[!#1!#6]!@=[!#1]~1~[!#1]~[!#1]~[!#1](!@=[!#1!#6])~[!#1]~[!#1](!@=[!#1!#6])~[!#1]~1,1.0,simplified
202,"[!#1!#6]=[!#1]-,:1-,:[!#1!#6]=,:[!#1]~[!#1]~[!#1]~[!#1!#6]=,:[#6]-:1",1.0,simplified
203,"[!#1!#6]=[!#1]-,:1-,:[!#1!#6]=,:[#6]~[!#1]~[!#1]~[!#1!#6]=,:[#6]-:1",1.0,simplified
204,"[H][!#1]~1~[!#1]=,:[!#1]-,:[!#1](-,:[!#1!#6]=,:[!#1]~[!#1!#6]~1)=[!#1!#6]",1.0,simplified
205,[H][#6]-1-[!#1]=[!#1]-[!#1]=[#7]-[!#1](!@=[!#1!#6])-[#6]-1[H],1.0,simplified
206,"[H][#6]-1-[#8,#7]-[#6]([H])-[#6]([H])-[#7]([H])-[#6]=[#7]-1",1.0,simplified
207,[H][!#1]-1[!#1!#6]=[!#1]-[!#1]=[!#1]-[!#1](!@=[!#1!#6])-[!#1]-1[H],1.0,simplified
208,[!#1!#6]!@=*-1-[#6]~[#6]~[#6]~[#6]-*(!@=[!#1!#6])-[#6]-1,1.0,simplified
209,"[!#1!#6]!@=[!#1]-,:1-,:[!#1!#6]=,:[!#1]~[!#1]~[!#1]~[!#1]=,:[!#1!#6]-:1",1.0,simplified
210,[H][!#1]-1=[!#1!#6][!#1]-[#8]-[!#1]([H])=[!#1]([H])-[!#1]-1,1.0,simplified
211,[H][#7]-1-[#6]-[#6]-[!#1]-[#7]([H])-[#7]([H])-[!#1]-1!@=[!#1!#6],1.0,simplified
212,[H][#6]([H])!@-[#7]1-[#6]([H])-[#7]([H])-[!#1]-[#6]([H])-[#8]C1([H])[H],1.0,simplified
213,[!#1!#6]=[!#1]~1~[!#1!#6]~[!#1]~[!#1!#6]~[!#1](=[!#1!#6])~[!#1!#6]~[!#1]~[!#1!#6]~1,1.0,simplified
214,[#6]-1(-[!#1]=[!#1]-[!#1]=[!#1]-[!#1]=[!#1]~1)(*)*,1.0,simplified
215,"[$(N=@[#6](-@[!#1])[#1,F,Cl,Br,I])!$(N=@1[!#1]=,:[!#1][!#1]=,:[!#1]-@[#6]=@1)!$(N=@1[!#1]=,:[!#1][#7,#8][#6,#16X4v6](-@[#6]=@1)=O)!$(N1=[#6][!#1]=,:[!#1][#7,#8][#6,#16X4v6]1=O)!$(N=@1[!#1]=,:[!#1][#6,#16X4v6]([#7,#8]-@[#6]=@1)=O)!$(N1=[#6][!#1]=,:[!#1][#6,#16X4v6]([#7,#8]1)=O)!$(N=@1[#6,#16X4v6]([!#1]=,:[!#1][#7]-@[#6]=@1)=[#8])]",1.0,basic
216,"[$([!#1]~1~[!#1]~[!#1]~[!#1]~1)!$([C,N,O]1CCC1)!$(C1[C,N,O]CC1)!$(C1C[C,N,O]C1)!$(C1CC[C,N,O]1),*$([!#1]~1(~[!#1]~[!#1]~[!#1]~1)=[!#1]),$([!#1]21~[!#1]~[!#1]~[!#1]1[!#1][!#1]=[!#1]2),$([!#1]21~[!#1]~[!#1]~[!#1]1[!#1]=[!#1][!#1]2)]",1.0,basic
217,[!#1R1]1[!#1R1!$([#6R1]=1([!#1R1][!#1R1][!#1R1][!#1R1][#6R1]=1)[#6])]=[!#1R1!$([#6R1]=1([!#1R1][!#1R1][!#1R1][!#1R1][#6R1]=1)[#6])][!#1R1][!#1R1][!#1R1]1,1.0,basic
218,"[!#1]=[#6]([!#1!#6])-[F,Cl,Br,I]",1.0,basic
219,[#7]([H])([H])!@[#6](:[!#1]):[!#1],1.0,basic
220,"[H][#7](@-[!#1])@-[!#1]-[F,Cl,Br,I]",1.0,basic
221,"[#16X2v2r6,sX4,sX3,#16X2v2r7,SX2v2r5!$(S1c-,:n[C,N]=C1)]",1.0,basic
222,"[$([#6]([!#1])=!@[!#1](@[!#1])@[!#1])!$([#6]([#1])([#9,CX4])=!@[#6]@[#6](=!@[#8])-@[#7])!$([#6]([#1])([#9,CX4])=!@[#6]@[#16](=!@[#8])([!#1])=[#8])]",1.0,basic
223,[#7]C([#1])O,1.0,basic
224,"[#7,#16v2]C([#7,#16v2])[*!$([*]C([#7,#16v2])-@[#7][!#1]=O)]",1.0,basic
225,[$([#16])!$([#16v2])!$([#16v6])],100.0,basic
226,"[$([!#1]~1~[!#1]~[!#1]~1)!$(C1CC1),$([!#1]~1~[!#1](~[!#1]~1)=[!#1]),$(C1C2C1[!#1]=[!#1][!#1]2)$(C1C2C1[!#1][!#1]=[!#1]2)]",1.0,basic
227,[!#1R1]1[!#1R1!$([#6R1]=1([!#1R1][!#1R1][!#1R1][#6R1]=1)[#6])]=[!#1R1!$([#6R1]=1([!#1R1][!#1R1][!#1R1][#6R1]=1)[#6])][!#1R1][!#1R1]1,1.0,basic
228,[H]C([H])([H])!@-[#6](!@-[!#1!#6])!@=[!#1!#6],1.0,basic
229,"[$([#7]-[#8])!$([#7](-!@[OH,O-])(-!@[#6])=!@O)]",1.0,basic
230,C(=[!#1!$([#6](=!@[#6][#1])[#6](=!@[#8])[#7])!$([#6](=!@[#6][#1])[#16](=!@[#8])(=!@[#8])[!#1])])([#1])[#1],1.0,basic
231,[!#1!#6]!@=C1C(C(C(C1[#1])[#1])[#1])[#1],1.0,basic
232,"[$([#6]([#1])=!@[!#1](@[!#1])@[!#1])!$([#6]([#1])([#1,#9,CX4])=!@[#6]@[#6](=!@[#8])-@[#7])!$([#6]([#1])([#1,#9,CX4])=!@[#6]@[#16](=!@[#8])([!#1])=[#8])]",1.0,basic
233,[#8]=!@[#6][#1],1.0,basic
234,"[#6!$([#6]1(O[#6R2]:,=[#6R2]O1)(F)F)!$([#6]1(O[#6R2]:,=[#6R2]O1)([CH3])[CH3])!$([#6]21(CC1)O[#6R2]:,=[#6R2]O2)!$([#6](-@O)(-@O)(-@C)-@C)](-,:[#8])-,:[#8]",1.0,basic
235,[!#8]~[#6](~[!#8])@[#7]([H])@[#7]([H])@[#6](~[!#8])~[!#8],1.0,basic
236,[$([#7]([#1])[#1])],2.0,basic
237,[!#1!#6]@[#6]!@-[#7!$([#7]([H])([H])-!@[#6]@[nX2])]([H])[H],1.0,basic
238,[#8]-[#16],1.0,basic
239,[#7]!@[#7],1.0,basic
240,[#16v2]-[#1],1.0,basic
241,"[!#1!$([#6](=!@O)(-!@[#6](Cl)([#1])[#1])N)]!@[#6]([#1])[F,Cl,Br,I]",1.0,basic
242,[#6](=!@O)(-!@[#6](Cl)([#1])[#1])N,1.0,basic
243,"N-!@,=!@N",1.0,basic
244,C1(C(NC(N1)(-!@*)-!@*)(-!@*)-!@*)(-!@*)-!@*,1.0,basic
245,[!#1]~1~[!#1]~[!#1]~[!#1]~[!#1]~[!#1]~[!#1]~[!#1]~[!#1]~[!#1]~[!#1]~[!#1]~[!#1]~[!#1]~[!#1]~[!#1]~[!#1]~[!#1]~[!#1]~[!#1]~1,1.0,basic
246,[!#1!#6][#6](=[!#1!#6])[!#1!#6]!@-[!#1]!@=[!#1!#6],1.0,basic
247,"[#1][#8]!@-[#6]=,:[#7]",1.0,basic
248,C(=CCC([!#1])([#1])[#1])([#1])[#1],1.0,basic
249,[!#1!#6;R]@[!#1!#6;R]@[!#1!#6;R]@[!#1!#6;R],1.0,basic
250,[#7]!@-[!#1](=[!#1!#6])!@-[#8],1.0,basic
251,"[$([#6](~[!#1!#6])(~[!#1!#6])(~[#1,#9,#17,#35,#53])~[#9,#17,#35,#53])!$([#6]([#6,#8])([#9])([#9,#17])[#9])!$([#6](-@[#8])(-@[#8])([#9])[#9]),$([#6]([#6,#8])([#9])([!#9!#6!#17])[#9])!$([#6](-@[#8])(-@[#8])([#9])[#9])]",1.0,basic
252,[!#1](~[!#1]=[#8])=[#8],1.0,basic
253,C(C(C=O)([H])[H])=O,1.0,basic
254,"[$([#6](@[!#1!#6])(@[!#1])(@[!#1])!@-[!#1!#6]),$([#6](-@[!#1])(-@[!#1])(-@[!#1]-!@[!#1])-!@[!#1]),$([#6](-@[!#1])(-@[!#1])(-@[!#1])-!@[!#1]~1~[!#1](~[!#1](~[!#1]~[!#1]~1)@[!#1])@[!#1]),$([#6](-@[!#1])(-@[!#1])(-@[!#1])-!@[!#1]~1~[!#1]~[!#1](~[!#1](~[!#1]~1)@[!#1])@[!#1]),$([#6](-@[!#1])(-@[!#1])(-@[!#1])-!@[!#1]~1~[!#1]~[!#1]~[!#1]~[!#1](~[!#1]~1@[!#1])@[!#1]),$([#6](-@[!#1])(-@[!#1])(-@[!#1])-!@[!#1]~1~[!#1]~[!#1]~[!#1](~[!#1](~[!#1]~1)@[!#1])@[!#1]),$([#6](-@[!#1])(-@[!#1])(-@[!#1])-!@[!#1]~1~[!#1]~[!#1]~[!#1]~[!#1]~[!#1]~[!#1]~1)]",1.0,basic
255,[#7]-1~[!#1]-[#7]-[!#1]-[#7]-[!#1]-1,1.0,basic
256,[!#1]1[!#1!#6][!#1][!#1!#6][!#1][!#1!#6]1,1.0,basic
257,[#7]~1~[#16X2]~[!#1]~[!#1]~[!#1]~[!#1]~1,1.0,basic
258,"[$(O1C(C(C(C1([#1])-!@[!#1])([#1])-!@[!#1])[#1])[#1]),$(O1C(C(C(C1[#1])([#1])-!@[!#1])([#1])-!@[!#1])[#1]),$(O1C(C(C(C1([#1])-!@[!#1])[#1])[#1])([#1])-!@[!#1]),$(O1C(C(C(C1([#1])-!@[!#1])[#1])([#1])-!@[!#1])[#1])]",1.0,basic
259,[!#1!#6]!@[!#1R0]!@[!#1]#N,1.0,basic
260,"[$([!#1!#6]=!@[#6]@[!#1]=!@[!#1])!$([#8]=!@[#6](@[#6]=!@[#6]([#1])[#1,#9,CX4])-@[#7])!$([#8]=!@[#6](@[#6](=!@[#8])[CX4])[!#1])!$([#8]=!@[#6](@[#6](=!@[#8])[!#1])[CX4])]",1.0,basic
261,[!#6!#1]~[!#1](!@=[!#6!#1])!@[!#6!#1]~[!#1](!@=[!#6!#1])~[!#6!#1],1.0,basic
262,N(-@[!#1](-@O)=[!#1!#6!$([#8]=C1OaaN1)!$([#8]=C1NaaCO1)!$([#8]=C1N(C[CR2](O1)(@[!#1])@[!#1])[!#1])!$([#8]=C1N([CR2](CO1)(@[!#1])@[!#1])[!#1])!$([#8]=C1N([CR2](CCO1)(@[!#1])@[!#1])[!#1])!$([#8]=C1OC[CR2](CN1[!#1])(@[!#1])@[!#1])!$([#8]=C1N(CC[CR2](O1)(@[!#1])@[!#1])[!#1])])-!@*,1.0,basic
263,[H][#6]1=[#7]-[!#1][!#1!#6][!#1][!#1!#6]1,1.0,basic
264,"[#6][N+,N]([#6])([!#1])[!#1]",1.0,basic
265,[#7]!@-[#16X2]-[!#1],1.0,basic
266,[H][#7]!@=[#6]([#6])-[!#1],1.0,basic
267,C#N,2.0,basic
268,[!#6!#1]=[#6]1-[#6]-[!#1]-[!#6!#1]-[!#1]-[#6]-1,1.0,basic
269,"[F,Cl,Br,I][!#1]:1:[!#1]:[!#1]:[!#1!#6]:[!#1]:1",1.0,basic
270,[H][!#1]-1=[!#1]C([H])([H])[#7]=[!#1]-[!#1]-1,1.0,basic
271,"[$([!#1!#6]@[!#1]:1:[!#1]:[!#1]:[!#1](:[!#1]:[!#1]:1)~[Cl,Br,I]),$([#7H2,#8H1,#16H1]@[!#1]:1:[!#1]:[!#1]:[!#1](:[!#1]:[!#1]:1)-!@[N,N+1]([O,O-1])=O),$([#7H2,#8H1,#16H1]@[!#1]:1:[!#1]:[!#1]:[!#1](:[!#1]:[!#1]:1)-!@S(=O)(=O)[#6])]",1.0,basic
272,[H][#7]!@=[!#1](@[!#1])@-[!#1],1.0,basic
273,[!#1]@[#6]@1@[#6](@[!#1])@[#6](@[!#1])@[#6]@1@[!#1],1.0,basic
274,"[#16,#7]!@=[!#1]~1~[!#1]~[!#1]~[!#1]~[!#1]~[!#1]~1",1.0,basic
275,[H][#8]!@-[#6]!@-[#6]!@-[#8][H],1.0,basic
276,"[$([O!$(O=C(-!@C([#1])(Cl)[#1])-!@[CX4])]=C(-!@[CX4])-!@[CX4]),$([O!$(O=C(-!@[#6X3])-!@[CX3](=O)-!@[CX4])]=C(-!@[CX3])-!@[#6X3]),$([O!$(O=[#6]@[#6]@[#6]@N)!$(O=C(-@C(=O)-@[#6X3])-@[#6X4])!$(O=C(-@C(=O)-@[#6X4])-@[#6X3])]=C(-@[#6X4,#6X3])-@[#6X4,#6X3]),$(O=C(-@[CX4])-@[CX4])]",1.0,basic
277,"[$([!#1!#6](=[#8])[!#1]:1:[!#1]:[!#1]:[!#1](:[!#1]:[!#1]:1)-!@[Cl,Br,I,OH1,#16,NH2]),$([!#1!#6](=[#8])[#6]-1-[!#1]-[!#1]-[!#1](-[!#1]-[!#1]-1)-!@[Cl,Br,I,OH1,#16,NH2]),$([!#1!#6](=[#8])[#6]-1-[!#1]-[!#1]-[!#1](-[!#1]-[!#1]-1)-!@[#7]([#6X4])[#1])]",1.0,basic
278,"[!#1]@[!#1]~1~[!#1]~[!#1]=[!#1]~[#7,#8,#16]~[!#1]~1(!@[!#1])@[!#1]",1.0,basic
279,"O=[#6]1[#6]=,:[#6]-,:[#6]=,:[#6]1",1.0,basic
280,[H][#6]~1(!@-[#8])~[!#1]~[!#1]~[!#1]~[#6]~1!@-[#8],1.0,basic
281,"[Cl,Br,I][#6]:1:[!#1]:[!#1]:[!#1!#6]:[!#1]:[!#1]:1",1.0,basic
282,[#7]!@[!#1](=O)!@[#6](!@[!#1])!@-C#N,1.0,basic
283,"[!#1]@[!#1]~1~[!#1]~[!#1]-2=[!#1]~[!#1]~[!#1]~[!#1]~[!#1]~[#6]-2-,=[!#1]~[!#1]~1@[!#1]",1.0,basic
284,"[!#1]@[!#1]~1~[!#1](~[!#1](~[#6]-,=2[!#1](=[!#1]~1)~[!#1]~[!#1]~[!#1]~[!#1]-,=2)[H])@[!#1]",1.0,basic
285,[!#1]~1~[!#1]~2~[!#1](~[!#1](~[!#1]~[!#1]~1)~[#8])~[!#1](~[!#1]~[!#1]~[!#1]~2)~[#8],1.0,basic
286,[!#1]~1~[!#6!#1]~[!#1](~[!#6!#1]~[!#1](~[!#6!#1]~1)~[!#6!#1])~[!#6!#1],1.0,basic
287,[#6]!@-[#8]!@-[!#1]!@=O,1.0,basic
288,[#6]!@-[#8]-[!#1].[#6]!@-[#8]-[!#1].[#6]!@-[#8]-[!#1].[#6]!@-[#8]-[!#1].[#8]!@-[#6]-[!#1],1.0,basic
289,[#16]~[#6!$(c(:s)[SX4])]~[#16],1.0,basic
290,[!#1]~[#16X2]@~[#6]@~[#6]@~[#16X2]~[!#1],1.0,basic
291,[H][#6]=1[!#1][!#1](=[!#1]([!#1!#6][!#1]=1[H])[H])[H],1.0,basic
292,[#8]!@-[!#1]:[!#1]:[!#1](!@-[#8]):[!#1]!@-[#8],1.0,basic
293,O=[!#1]!@-[!#1](!@-C#N)([H])[H],1.0,basic
294,[H][#6]([H])!@=[!#1].[H][#6]([H])!@=[!#1],1.0,basic
295,[H][#6]=1[#7][#6]=[#7]C([#6]=1)([H])[H],1.0,basic
296,[H][!#1]-1~[!#1]~[!#1]-[#16X2]-[#7]-1,1.0,basic
297,[!#1]!@-[#16X2]!@[!#1]:[s],1.0,basic
298,[H][!#1]-1-[#7]=[!#1]-[!#1]-[!#1]=[#7]-1,1.0,basic
299,[H][#8]-[#6]@1@[#7]@[!#1]@[!#1]@[!#1]@[#7]@1,1.0,basic
300," [#8!$([#8]1a:aO[CR1][CR1]1)]1[!#1]:,-[!#1][#8!$([#8]1a:aO[CR1][CR1]1)][!#1]=,:[!#1]1",1.0,basic
301,[!#1]@[!#1]@[#7]=[#6]([H])@[#16]@[!#1](@[!#1])[!#1],1.0,basic
302,[!#1!#6]@[!#1](@[!#1!#6])!@=[#7],1.0,basic
303,[!#1!#6]@[#6]!@-[#7+](-[#8])=O,1.0,basic
304,"[!#1]@[!#1]~1~[!#1]~[!#1]=,:2-,:[!#1](-,=,:[!#1]~[!#1]~1@[!#1])~[!#1]~[!#1]~[!#1]~[!#1]=,:2",1.0,basic
305,"[H][#6]:1:[#6](:[#6](:[#7]:[!#1]:[#7]:1)[#1])[F,Cl,Br,I]",1.0,basic
306,[!#1]~[!#1]~1~[!#1]~[!#1]~[!#1]~2~[!#1]~[!#1]~[!#1](~[!#1])~[!#1](@[!#1])~[!#1]~2~[!#1]~1@[!#1],1.0,basic
307,[#8]-[#6]!@-[#6](!@-[#8])!@-[#6]!@-[#8],1.0,basic
308,"[#8-,#8]-[#7+,#7]!@-c:[!#1!#6]",1.0,basic
309,"[F,Cl,Br,I]!@-[!#1]!@-[!#1]!@-[#6](-[F,Cl,Br,I])-[F,Cl,Br,I]",1.0,basic
310,[!#1]:[!#1]!@-[!#1](!@-[!#1]:[!#1])!@-[!#1]:[!#1],1.0,basic
311,[#8]!@-[!#1]:[!#1](!@-[#8]):[!#1]!@-[#8],1.0,basic
312,[H]C([H])([#16])C([H])([H])[#16],1.0,basic
313,[!#1]@[#7](@[!#1])!@=[!#1],1.0,basic
314,[!#1]:2:[!#1]:[!#1]:[!#1]:1:[!#1]:3:[!#1](:[!#1]:[!#1]:[!#1]:1:[!#1]:2):[!#1]:[!#1]:[!#1]:[!#1]:3,1.0,basic
315,"[F,Cl,Br,I]~[#6]~S=O",1.0,basic
316,[!#1]@[!#1]~1~[!#1]~[!#1]~2~[!#1]~[!#1]~[!#1](@[!#1])~[!#1](@[!#1])~[!#1]~2~[!#1]~[!#1]~1@[!#1],1.0,basic
317,"[!#1]:[!#1]!@-[#8,#7]!@-[!#1]:[!#1]:[!#1]:[!#1]!@-[#8,#7]!@-[!#1]:[!#1]",1.0,basic
318,[!#1!#6]!@=[!#1]1[!#1!#6][#6]=[!#1!#6][#6]=[!#1!#6]1,1.0,basic
319,[!#1]~1(~[!#1]~2~[!#1](~[!#1]~[!#1]~1@[!#1])~[!#1]~[!#1](~[!#1]~2@[!#1])@[!#1])@[!#1],1.0,basic
320,[!#1]@[!#1]~1~[!#1]~[!#1]~2~[!#1]~[!#1](@[!#1])~[!#1](@[!#1])~[!#1]~[!#1]~2~[!#1]~1@[!#1],1.0,basic
321,[!#1]@[!#1]~1~[!#1]~[!#1]~2~[!#1](~[!#1]~[!#1]~[!#1](@[!#1])~[!#1]~2@[!#1])~[!#1]~1@[!#1],1.0,basic
322,[H][!#1]([H])!@-C1([!#1])[!#1!#6][!#1]=[!#1]([H])-[!#1]([H])=[!#1]1[H],1.0,basic
323,O=[!#1]~1~[!#1!#6]~[!#1]~3~[!#1](~[!#1]~[!#1]~1)~[!#1]~[!#1]~2~[!#1](~[!#1]~[!#1]~[!#1]~[!#1]~2)~[!#1]~3,1.0,basic
324,[!#1]@[!#1]~1~[!#1]~[!#1]~2~[!#1]~[!#1]~[!#1](@[!#1])~[!#1](@[!#1])~[!#1]~2~[!#1]~1@[!#1],1.0,basic
325,[C!R1]1[C!R1][C!R1][C!R1]OC1=O,1.0,basic
326,[!#1]@[!#1]~1~[!#1]~[!#1]~[!#1]~2~[!#1](@[!#1])~[!#1](@[!#1])~[!#1]~[!#1]~[!#1]~2~[!#1]~1@[!#1],1.0,basic
327,[H][#8]!@-C([H])([H])!@-[#6]!@-C([H])([H])!@-[#8][H],1.0,basic
328,[!#1]@[!#1]~1~[!#1]~[!#1]~2~[!#1]~[!#1]~[!#1]~[!#1](@[!#1])~[!#1]~2~[!#1](@[!#1])~[!#1]~1@[!#1],1.0,basic
329,[!#1]~3~1~[!#1]~[!#1]~[!#1]~[!#1]~[!#1]~3~[!#1]~2~[!#1](~[!#1]~[!#1]~1)~[!#1](~[!#1](~[!#1]~[!#1]~2)@[!#1])@[!#1],1.0,basic
330,[!#1]@[!#1]~1~[!#1]~[!#1]~[!#1]~2~[!#1]~[!#1](@[!#1])~[!#1](@[!#1])~[!#1]~[!#1]~[!#1]~2~[!#1]~1@[!#1],1.0,basic
331,[#6]1-[#6][!#1!#6][#6]-[#6][!#1!#6][#6]-[#6][!#1!#6][#6]-[#6][!#1!#6]1,1.0,basic
332,[!#1]:1:[!#1]:[!#1]:[!#1]:2:[!#1]:[!#1]:3:[!#1]:[!#1]:[!#1]:[!#1]:[!#1]:3:[!#1]:[!#1]:2:[!#1]:1,1.0,basic
333,[#6]@-[#6](!@-[#8])@-[#6](@-[#8])!@-[#6]!@-[#8],1.0,basic
334,[!#1]~1~[!#1](~[!#1](~[!#1]~2~[!#1]~1~[!#1](~[!#1](~[!#1]~2)@[!#1])@[!#1])@[!#1])@[!#1],1.0,basic
335,[C!R1]1[C!R1][C!R1]OC1=O,1.0,basic
336,[H][#6](@-[#6]!@=O)=[#6]([H])@-[#6]!@=O,1.0,basic
337,[!#1]~1~[!#1]~[!#1]~2~[!#1]~[!#1]~[!#1]~[!#1]~3~[!#1]~[!#1]~[!#1]~[!#1](~[!#1]~1)~[!#1]~2~3,1.0,basic
338,"[!#1]~1~[!#1]~[!#1]~3~[!#1](~[!#1]~[!#1]~1)~[!#1]=,:[!#1!#6]~[!#1]~2~[!#1](~[!#1]~[!#1]~[!#1]~[!#1]~2)~[!#1!#6]~3",1.0,basic
339,[!#1]~1~[!#1]~4~[!#1](~[!#1]~2~[!#1]~[!#1]~[!#1]~[!#1]~[!#1]~2~1)~[!#1]~[!#1]~[!#1]~3~[!#1]~4~[!#1]~[!#1]~[!#1]~[!#1]~3,1.0,basic
340,[#8]!@-[#6]-[#6]-1-[#8]-[#6]-[#6]-[#6]-1!@-[#8],1.0,basic
341,[#7]1[#6]:3:[#6]([#16][#6]:2:[#6]1:[!#1]:[!#1]:[!#1]:[!#1]:2):[!#1]:[!#1]:[!#1]:[!#1]:3,1.0,basic
342,[!#1]@[!#1]~1~[!#1]~[!#1]~[!#1]~2~[!#1]~[!#1]~3~[!#1]~[!#1]~[!#1]~[!#1]~[!#1]~3~[!#1]~[!#1]~2~[!#1]~[!#1]~1@[!#1],1.0,basic
343,[!#1!#6]=[!#1]~1~[!#1]~[!#1]~2~[!#1]~[!#1]~3~[!#1]~[!#1]~[!#1]~[!#1]~3~[!#1]~2~[!#1](=[!#1!#6])~[!#1]~1,1.0,basic
344,[!#1!#6]=[!#1]1-[#16]-[!#1]-[!#1](=[!#1!#6])[!#1!#6]1,1.0,basic
345,"[#8]-,:1-,:[!#1]:3:[!#1](-,:[!#1]=,:[!#1]-,:2-,:[!#1]-,:1=,:[!#1]-,:[!#1]-,:[!#1]=,:[!#1]-,:2):[!#1]:[!#1]:[!#1]:[!#1]:3",1.0,basic
346,"[#8-,#8]-[#7+,#7](=O)-[!#1]~[!#1]-[#17,#35,#53]",1.0,basic
347,[!#1]~1~[!#1]~[!#1]~[!#1]~2~[!#1](~[!#1]~1)~[#16](~[!#1]~3~[!#1]~2~[!#1]~[!#1]~[!#1]~[!#1]~3)(=O)=O,1.0,basic
348,[#8]-[#6]-[#6]-1-[#8]-[#6]-[#6](-[#8])-[#6]-1-[#8],1.0,basic
349,"[#8,#16]1[!#1]:,=[!#1][#8,#16][!#1]:,=[!#1]1",1.0,basic
350,[!#1]~1~[!#1]~[!#1]~4~[!#1](~[!#1]~[!#1]~1)~[!#1]~[!#1]~2~[!#1](~[!#1]~[!#1]~3~[!#1](~[!#1]~2)~[!#1]~[!#1]~[!#1]~[!#1]~3)~[!#1]~4,1.0,basic
351,[!#1]~1~[!#1]~[!#1]~2~[!#1]~[!#1]~3~[!#1]~[!#1]~[!#1]~[!#1]~4~[!#1]~[!#1]~[!#1](~[!#1]~2~[!#1]~1)~[!#1]~3~4,1.0,basic
352,[H][#7]!@=[#6](!@[#7])!@-[#7]([H])[H],1.0,basic
353,[#6]~1~[#6]~[!#1!#6]~[#6]~[#6]~[!#1!#6]~[#6]~[#6]~[!#1!#6]~[#6]~[#6]~[!#1!#6]~[#6]~[#6]~[!#1!#6]~1,1.0,basic
354,"[!#1!#6]=[!#1]1[!#1]=,:[!#1][!#1]([!#1]=,:[!#1]1)=[!#1!#6]",1.0,basic
355,[!#1]1-[!#1][!#1!#6][!#1][!#1!#6][!#1]-[!#1][!#1!#6][!#1][!#1!#6][!#1]-[!#1][!#1!#6]1,1.0,basic
356,[!#1!#6]=[!#1]~1~[!#1]~[!#1]~[!#1]~[!#1]~2~[!#1]~[!#1]~3~[!#1]~[!#1]~[!#1]~[!#1](=[!#1!#6])~[!#1]~3~[!#1]~[!#1]~1~2,1.0,basic
357,[H][#6]1-[#8]-[#6]C([H])([#8])C([H])([#8])C1([H])[#8],1.0,basic
358,[!#1]~1~[!#1]~[!#1]~2~[!#1]~[!#1]~3~[!#1]~[!#1]~4~[!#1]~[!#1]~[!#1]~[!#1]~[!#1]~4~[!#1]~[!#1]~3~[!#1]~[!#1]~2~[!#1]~1,1.0,basic
359,[!#1!#6]S([!#1!#6])(=O)=O,2.0,basic
360,[!#1]:cS(=O)=O.[!#1]:cS(=O)=O.[!#1]:cS(=O)=O,1.0,basic
361,"[#8-,#8]-[#16]=[#8]",1.0,basic
362,[!#1!#6]=[#6]1[!#1]:3:[!#1]([!#1X3]([!#1]:2:[!#1]1:[!#1]:[!#1]:[!#1]:[!#1]:2)=[!#1!#6]):[!#1]:[!#1]:[!#1]:[!#1]:3,1.0,basic
363,[#6]1[#6][#6]:3:[#6]([#6]1):[!#1]:[#6]:2[#6][#6][#6][#6]:2:[!#1]:3,1.0,basic
364,"[#8]=[#16](=[#8])-[#8,#8-]",1.0,basic
365,[!#1]:[!#1]~1~[!#1](:[!#1])~[!#1](=O)~[#7]~[!#1]~1=O.[!#1]:[!#1]~1~[!#1](:[!#1])~[!#1](=O)~[#7]~[!#1]~1=O,1.0,basic
366,"[#8,#16]:1:[#6]:[#6]:[#6]:[#6]:1",2.0,basic
367,[!#1]1~[!#1]-[!#6!#1]-[!#1]~[!#1]-[!#6!#1]-[!#1]~[!#1]-[!#6!#1]-[!#1]~[!#1]-[!#6!#1]-[!#1]~[!#1]-[!#6!#1]-[!#1]~[!#1]-[!#6!#1]-1,1.0,basic
368,"C@=C(@C)[F,Cl,Br,I]",1.0,basic
369,[!#1!#6]=[!#1]-1-[!#1]~[!#1]-[!#1]-[!#1]~2[!#1!#6][!#1]~3-[!#1]-[!#1]~[!#1]-[!#1](=[!#1!#6])-[!#1]~3-[!#1]-[!#1]-1~2,1.0,basic
370,"C1([C,N]C(=C(C1([!#1])[H])[H])[H])([H])[H]",1.0,basic
371,[#6]1-[#6][!#1!#6][#6]-[#6][!#1!#6][#6]-[#6][!#1!#6][#6]-[#6][!#1!#6][#6]-[#6][!#1!#6][#6]-[#6][!#1!#6][#6]-[#6][!#1!#6][#6]-[#6][!#1!#6]1,1.0,basic
372,[!#1!#6]=[!#1]~1~[!#1!#6]~[!#1]~[!#1!#6]~2~[!#1!#6]~1~[!#1]~[!#1!#6]~[!#1]~2=[!#1!#6],1.0,basic
373,[#8]:1:[#7]:[!#1]:[!#1]:[#7]:1.[#8]:1:[#7]:[!#1]:[!#1]:[#7]:1,1.0,basic
374,[!#1!#6]=[!#1]1-[!#1][!#1!#6]2[!#1](-[!#1]-[!#1][!#1!#6][!#1]2=[!#1!#6])[!#1!#6][!#1!#6]1,1.0,basic
375,"[!#1]1=[!#1][!#1!$([#6](=!@O)-@[#7,#8]-@[!#1])!$([#16](=!@O)(=!@O)-@[#7]-@[!#1])!$([#7R2])!$([#6R2]1([#8][#6]=,:[#6][#6]=[#6]1)(-@[!#1])-@[!#1])][!#1!$([#6](=!@O)-@[#7,#8]-@[!#1])!$([#16](=!@O)(=!@O)-@[#7]-@[!#1])!$([#7R2])!$([#6R2]1([#6]=,:[#6][#6]=[#6][#8]1)(-@[!#1])-@[!#1])][!#1]=,:[!#1]1",1.0,basic
376,"[!#1!$([#6]-@1(-@[#6,#7]=@,:[#6]-@[#7,#8]-@[#6]=@[#6,#7]-@1)=!@O)!$([#16]-@1(-@[#6,#7]=@[#6]-@[#7,#8]-@[#6]=@,:[#6,#7]-@1)(!@=O)=!@O)]1[!#1]=,:[!#1][!#1!$([#6]-@1(-@[#6,#7]=@,:[#6]-@[#7,#8]-@[#6]=@[#6,#7]-@1)=!@O)!$([#16]-@1(-@[#6,#7]=@[#6]-@[#7,#8]-@[#6]=@,:[#6,#7]-@1)(!@=O)=!@O)][!#1]=[!#1]1",1.0,basic
377,[C!$(C(=O)(O[!#1])N)!$(C(-@O)(-@N)(-@C)-@C)]([N!$(N(CO[!#1])C=O)!$(N(CO[!#1])S(=O)=O)])O,1.0,basic
378,"[#16v2]:[#6]-,:[#6][#16v2]",1.0,basic
379,"[*$([NX4+H1]),*$([NX3H1]),*$([CX4]),*$([OX2]),*$([SX2]);!$(*=*)!$(*:*)]-!@[*$([NX4+H1]),*$([NX3H1]),*$([CX4]),*$([OX2]),*$([SX2]);!$(*=*)!$(*:*)!$([ND3H0])!$([CR1])]-!@[*$([NX4+H1]),*$([NX3H1]),*$([CX4]),*$([OX2]),*$([SX2]);!$(*=*)!$(*:*)!$([ND3H0])!$([CR1])]-!@[*$([NX4+H1]),*$([NX3H1]),*$([CX4]),*$([OX2]),*$([SX2]);!$(*=*)!$(*:*)!$([ND3H0])!$([CR1])]-!@[*$([NX4+H2]),*$([NX3H1]),*$([CX4]),*$([OX2]),*$([SX2]);!$(*=*)!$(*:*)!$([ND3H0])!$([CR1])]-!@[*$([NX4+H1]),*$([NX3H1]),*$([CX4]),*$([OX2]),*$([SX2]);!$(*=*)!$(*:*)]",1.0,basic
380,[#7R1X3]@[#6R2!$([#6]21[#6]([#6][#6][NX3R1]1)[#6][#6][NX3R1]2)]@[#7R1X3],1.0,basic
381,[$([!#1R3])!$([CR3]21[CR2][CR3]([CR2]1)[CR2]2)],1.0,basic
382,[#16]=!@[#6!$([#6](=[#16])[#7][#1])],1.0,basic
383,[!#1](-!@[!#1]:[!#1]-!@[!#1]:[!#1]):[!#1],1.0,basic
384,"[#8]=[#6,#16X4v6][#6]=[#6]([#1])[#1,F,CX4]",1.0,basic
385,"[!#1]-!@C(=!@C-!@[!#1])-!@[#8,#7]",1.0,basic
386,"[!#1](@[!#1]@[!#1](@[!#1]@[!#1]!@[F,Cl,Br,I,CH3])!@[F,Cl,Br,I,CH3])!@[F,Cl,Br,I,CH3]",1.0,basic
387,"[N!$([#7](=@C-@O)-@[C,S]=O)!$([#7]=@C-@O-@[C,S]=O)!$(N1=COCaa1)]@=C@-O",1.0,basic
388,"[!#1!$([#6,#16](@N@N)=O),r5]@N@N@[!#1!$([#6,#16](@N@N)=O),r5]",1.0,basic
389,[!#1]~1~[!#1]~[!#1]~2~[!#1]~1~[!#1]~[!#1]~2,1.0,basic
390,"[N!$(N-@1=@C(-@[!#1]-@[!#1]=@,:[!#1]-@C-@1=O)-!@[N,O,S])!$(N1=@C(C(N[!#1]=@,:[!#1]1)=O)-!@[O,N,S])!$(N=@1-@C(-@N-@[!#1]=@,:[!#1]-@[!#1]=@1-!@[N,O,S])=O)!$(N-@1=@C(-@[!#1]=@,:[!#1]-@C(-@N-@1)=O)-!@[N,O,S])!$(N-@1=@C(-@N-@C(-@[!#1]=@,:[!#1]-@1)=O)-!@[N,O,S])!$(N=@1-@n:c-@[!#1]=@,:[!#1]-@C=@1-!@[N,O,S])!$(N-@1=@C(-@n:c-@[!#1]=@,:[!#1]-@1)-!@[N,O,S])!$(N=@1-@c:n-@[!#1]=@,:[!#1]-@C=@1-!@[N,O,S])!$(N-@1=@C(-@c:n-@[!#1]=@,:[!#1]-@1)-!@[N,O,S])]=@C-!@[O,N,S]",1.0,basic
391,"[H][!#1]~1=,:[!#1]-,:[!#1]=,:[!#1](~[!#1]~[!#1]~[!#1]~1)[#1]",1.0,basic
392,"[!#1!#6]=[!#1]-,:1-,:[!#1!#6]=,:[!#1]~[!#1]~[!#1!#6]~[!#1]=,:[!#1]-:1",1.0,basic
393,[!#1!#6]!@=[#6]~1~[#6]~[#6]~[#6]~[#6](!@=[!#1!#6])~[#6]~[#6]~1,1.0,basic
394,[!#1]~2~1~[!#1]~4~[!#1](~[!#1]~[!#1]~2~[!#1]~[!#1]~[!#1]~[!#1]~1)~[!#1]~[!#1]~3~[!#1](~[!#1]~[!#1]~[!#1]~[!#1]~3)~[!#1]~[!#1]~4,1.0,basic
395,[!#1](-!@[!#1]:[!#1]:[!#1]-!@[!#1]:[!#1]):[!#1],1.0,basic
396,[#6]:1:[!#1]:[#6](:[#6](:[#6](:[#6]:1-!@[!#1])-!@[!#1])-!@[!#1])-!@[!#1],1.0,basic
397,[nX3](:a)(:a)-!@C=O,1.0,basic
398,[n+][O-],1.0,basic
399,[#8]1[#6X4][#7][#6][#6]1,1.0,basic
400,"[#7]-[CX4]!@-[F,Cl,Br,I]",1.0,basic
401,"[Or5$([Or5]1cc[CX4][CX4]1),Or5$([Or5]1[CX4]cc[CX4]1)]",1.0,basic
402,[#8]1[#6]=[#6][#6](=[#6][#6]1=[#8])N,1.0,basic
403,"[#8X2!H1$([#8X2!H1][#6]=[#6])!$([#8X2!H1]A1=AA=Aaa1)!$([#8X2!H1]A=1A=AaaA=1)!$([#8X2!H1]1A=A[!#1]=,:[!#1]A1=O)!$([#8X2!H1]A=1[!#1]=,:[!#1][#7,#8]A(A=1)=O)!$([#8X2!H1]A=1[!#1]=,:[!#1]A([#7,#8]A=1)=O)]",1.0,basic
404,Cl!@-[#6X3]@[#7X2],1.0,basic
405,"[!#6!#1!$([#8]=[#6]([#7])-!@[#6]-!@[#17])]=[!#1][!#1][#17,#35,#53]",1.0,basic
406,[!#1][#6]#[#6]A,2.0,strict
407,[!#1]!@=[!#1]!@-[!#1]!@#[!#1],1.0,strict
408,[H][#6]([H])[H],4.0,strict
409,[#6]!@=[#6],2.0,strict
410,[!#1]@1@[!#1]@[!#1]@[!#1]@[!#1]@[!#1]@[!#1]@[!#1]@[!#1]@[!#1]@[!#1]@[!#1]@[!#1]@[!#1]@[!#1]@[!#1]@1,1.0,strict
411,"[!#1r7,!#1r8,!#1r9,!#1r10,!#1r11,!#1r12,!#1r13]@[!#1]1~[!#1]([!#1]1)@[!#1r7,!#1r8,!#1r9,!#1r10,!#1r11,!#1r12,!#1r13]",1.0,strict
412,"[#6]!@-,!@=[#6]!@-,!@=[#6]!@-,!@=[#6]!@-,!@=[#6]!@-,!@=[#6]",1.0,strict
413,[#1]C([#1])(!@-[!#1])!@-C([#1])([#1])!@-C([#1])([#1])!@-C([#1])([#1])!@-[!#1],1.0,strict
414,"[$([!#1]=!@[!#1]-!@[!#1]=!@[!#1])!$([#8]=!@[#6](-!@[#7])-!@[#6]=!@[#6]([#1])[#1,#9,CX4])!$([#8]=!@[#16](=!@[#8])(-!@[!#1])-!@[#6]=!@[#6]([#1])[#1,#9,CX4])!$([#8]=!@[#6](-!@[#6](=!@[#8])[CX4])-!@[!#1])!$([#8]=!@[#6](-!@[#6](=!@[#8])[!#1])-!@[CX4])]",1.0,strict
415,"C1[!#1]=[!#1][!#1]=,:[!#1]1",1.0,strict
416,[!#1!#6]~[!#1]#[!#1],1.0,strict
417,[#6]([#1])([#1])!@-[#6]([#1])([#1])!@-[#6]([#1])([#1])!@-[#6]([#1])([#1])!@-[#6]([#1])([#1]),1.0,strict
418,[!#1!#6]!@-[!#1](!@-[!#1!#6])!@=[#6],1.0,strict
419,[SX2v2]([!#1])[!#1],2.0,strict
420,[H][#6]-1[!#1!#6][!#1]([H])=[!#1]-[!#1]=[!#1]-1[H],1.0,strict
421,[#6]~[!#1](~[!#1])!@=[#7],1.0,strict
422,C1CN=CCC1,1.0,strict
423,[#6]:1:[#6]:[#6]:2:[#6](:[#6]:[#6]:1):[#6]:[#6]:[#6]:[#6]:2,1.0,strict
424,[#8]!@-[#6]([#1])([#1])!@-[#6]([#1])([#1])!@-[#8],1.0,strict
425,[H]C#C,1.0,strict
426,[!#1]:[!#1]!@-[!#1!$([!#1]:1(:[!#1]:[!#1](:[!#1](:[!#1]:1@[!#1])@[!#1])-!@[!#1]:[!#1])-!@[!#1]:[!#1])R1]:[!#1R1]:[!#1R1]:[!#1!$([!#1]:1(:[!#1]:[!#1](:[!#1](:[!#1]:1@[!#1])@[!#1])-!@[!#1]:[!#1])-!@[!#1]:[!#1])R1]!@-[!#1]:[!#1],1.0,strict
427,C([!#1])(=C(C([#1])([#1])[#1])[#1])[#1],1.0,strict
428,[#8]=!@[#6][!#1][#6](=!@[#8])[!#1][#6]=!@[#8],1.0,strict
429,[#7]@[#7](@[!#1])@[#7]-[!#1],1.0,strict
430,"[CH3,F,Cl,Br,I]!@-[!#1]:[!#1](:[!#1]:[!#1]!@-[CH3,F,Cl,Br,I])!@-[CH3,F,Cl,Br,I]",1.0,strict
431,"[!#1]!@-,!@=[!#1]~1~[!#1](~[!#1]~1!@-,!@=[!#1])!@-,!@=[!#1]",1.0,strict
432,[!#1!#6]!@-[#6]1=[#7]-[!#1]-[!#1][!#1!#6]1,1.0,strict
433,[!#1]-[!#1]-1(-[!#1])-[!#1]-[!#1]-[!#1]-1(-[!#1])-[!#1],1.0,strict
434,[H][#7]([H])!@-S=O,1.0,strict
435,[#6]~[#6](!@-C([H])([H])[H])~C(~[!#1])(!@-C([H])([H])[H])!@-C([H])([H])[H],1.0,strict
436,[H]C([H])([H])!@-[!#1](!@=[!#1])!@-[#7]!@-[!#1]!@=[!#1],1.0,strict
437,"[CH3,F,Cl,Br,I]!@-c:c(!@-[CH3,F,Cl,Br,I]):c!@-[CH3,F,Cl,Br,I]",1.0,strict
438,[!#1]~1~[!#1]~[!#1]~2~[!#1]~[!#1]~[!#1]~[!#1]~[!#1]~3~[!#1]~[!#1]~[!#1]~[!#1]~1~[!#1]~2~3,1.0,strict
439,"[#6]-,:1-,:[#6][#8][#6]-,:[#6]-,:[#7]-,:1.[#6]-,:1-,:[#6][#8][#6]-,:[#6]-,:[#7]-,:1",1.0,strict
440,[#16]!@-[#6]!@-C!@#C,1.0,strict
441,[!#1]!@-[!#1]~1~[!#1](!@-[!#1])~[!#1]~1(!@-[!#1])!@-[!#1],1.0,strict
442,[#8][H],3.0,strict
443,[H][#6]-1=[#7]-[#7]=[#6]([H])-[!#1]-[!#1]-1,1.0,strict
444,O=[#6]-1-[#7]-[#6]-2-[#6]-[#16]-[#6]-[#6]-2-[#7]-1,1.0,strict
445,[$([#8]C([#1])([#1])c)],3.0,strict
446,[!#1!#6]=[!#1]-1[!#1!#6][!#1](=[!#1!#6])-[!#1]-2-[!#1]-3-[!#1]-[!#1]-[!#1](-[!#1]-3)-[!#1]-1-2,1.0,strict
447,[H]C([H])([H])!@-[#6](!@-C([H])([H])[H])!@-C([H])([H])[H],1.0,strict
448,[#7]!@-[#6](!@-[#7])!@=S.[#7]!@-[#6](!@-[#7])!@=S,1.0,strict
449,[!#1]-1-[!#1]-2-[!#1]-[!#1]-3-[!#1]-[!#1]-1-[!#1]-[!#1](-[!#1]-2)-[!#1]-3,2.0,strict
450,[!#1]~2~1~[!#1]~[!#1]~[!#1](~[!#1]~[!#1]~1)~[!#1]~2,1.0,strict
451,[!#1]~2~1~[!#1]~[!#1]~[!#1]~[!#1](~[!#1]~1)~[!#1]~2,1.0,strict
452,[!#1]~2~1~[!#1]~[!#1](~[!#1]~[!#1]~1)~[!#1]~2,1.0,strict
453,[!#1]:1:[!#1]:[!#1]:[!#1]:[#6]:2:[#6]:1:[!#1]:[!#1]3:[#7]:2[!#1]=[!#1][!#1]=[!#1]3,1.0,strict
454,[!#1]1[!#1]2[!#1][!#1]1[!#1]2,2.0,strict
455,"N#C-[#6]:1:[!#1]:[!#1]:[#8,#16]:[!#1]:1",1.0,strict
456,[CR2](@[!#1])(@[!#1])(@[!#1])@[!#1],3.0,strict
457,[!#1]~1~[!#1]~[!#1]~1,3.0,strict
458,[!#1!$([CR3]21[CR2][CR3]([CR2]1)[CR2]2)]~1~[!#1!$([CR3]21[CR2][CR3]([CR2]1)[CR2]2)]~[!#1!$([CR3]21[CR2][CR3]([CR2]1)[CR2]2)]~[!#1!$([CR3]21[CR2][CR3]([CR2]1)[CR2]2)]~1,3.0,strict
459,[!#1]~1~[!#1]~2~[!#1]~[!#1](~[!#1]~[!#1]~1)~[!#1]~[!#1]~2,1.0,strict
460,[#6]-!@C(-!@C([#1])([#1])[#1])([#1])[#1],2.0,strict
461,"[C!$(C(=!@C(-!@a)-!@[#6,#1])(-!@[#6,#1])-!@a)!$(C(=[!#1])([#1])[#1])](=!@[C!$(C(=[!#1])([#1])[#1])](-!@*)-!@*)(-!@*)-!@*",1.0,strict
462,"[$([#6R2]1([!#1R1][!#1R1]=[!#1R1][!#1R1]1)(@[!#1])@[!#1]),$([#6R2]1([!#1R1][!#1R1][!#1R1]=[!#1R1]1)(@[!#1])@[!#1]),$([#6R2]1([!#1R1][!#1R1][!#1R1][!#1R1]=[!#1R1]1)(@[!#1])@[!#1]),*$([#6R2]1([!#1R1][!#1R1][!#1R1]=[!#1R1][!#1R1]1)(@[!#1])@[!#1])]",1.0,strict
463,"[!#1r7,!#1r8,!#1r9,!#1r10,!#1r11,!#1r12,!#1r13]@[!#1]~1~[!#1](@[!#1r7,!#1r8,!#1r9,!#1r10,!#1r11,!#1r12,!#1r13])~[!#1]~[!#1]~1",1.0,strict
464,"[*$([Sv2!R1])!$([Sv2!R1]!@a)!$([Sv2!R1]!@[#6]@1@N@[!#1](@[!#1]@[!#1]@[!#1]@1)=O)!$([Sv2!R1]!@C@1@[!#1]@[!#1]@[!#1](@[#7]@[!#1]@1)=O)!$([Sv2!R1]!@C@1@[!#1]@[!#1]@[#7]@[!#1](@[!#1]@1)=O)!$([Sv2!R1]!@C@1@[!#1](@[#7]@[!#1]@[!#1]@[!#1]@1)=O)!$([Sv2!R1]!@C@1@[!#1](@[!#1]@[!#1]@[#7,#8]@[!#1]@1)=O)!$([Sv2!R1]!@C@1@[!#1]@[!#1](@[!#1]@[!#1]@[#7,#8]@1)=O)!$([Sv2!R1]!@C@1=@[!#1]@[!#1]=@,:[!#1]@c@n@1)!$([Sv2!R1]!@C=@1@[!#1]=@,:[!#1]@c@n@[!#1]=@1)!$([Sv2!R1]!@C=@1@[!#1]=@,:[!#1]@n@c@[!#1]=@1)!$([Sv2!R1]!@C@1=@[!#1]@[!#1]=@,:[!#1]@n@c@1)]",1.0,strict
465,[NX3]-@[NX3]-@C=!@O,1.0,strict
466,"[C!$([CR1]1(-!@[#6])=[CR1][CR1][O,N]C1=O)!$([CR1]1(-!@[#6])=[CR1]C([O,N][CR1]1)=O)]=1([CR1,!#1!#6][CR1,!#1!#6][CR1,!#1!#6][CR1]=1)-!@[#6]",1.0,strict
467,"[$([OH1,O-1]-!@a:1:[aH1]:[!#1!#6]:[aR1!X2]:[aR1]:1),$([OH1,O-1]-!@a:1:[aR1]:[!#1!#6]:[aH1]:[aR1]:1)]",1.0,strict
468,[#9][#6]([#9])([#9])[#6]=[#8],1.0,strict
469,[!#1!#6]:[!#1!#6]:[!#1!#6]:[!#1!#6],1.0,strict
470,[n!$(n:2:1:[!#1]:[!#1]:[!#1]:c:1:c:n:c:n:2)]:1:c:c:[n!$(n:2:1:c(:n:n:c:c:1):[!#1]:[!#1]:[!#1]:2)!$(n:2:1:c:n:n:c:c:1:[!#1]:[!#1]:[!#1]:2)]:c:[n!$(n:2:1:[!#1]:[!#1]:[!#1]:c:1:n:c:c:n:2)]:1,1.0,strict
471,[nX3]@1@a(@a@a@2@a@1@a@a@a(-!@[NX3](-[#1]))@a@2)-!@[NX3](-[#1]),1.0,strict
472,*!@S!@*,1.0,simplified
473,"[c,C;R]!@;=[c,C]",1.0,simplified
